requirement_id,guardrail_id,artifact_path,worksheet_path,positive_control_status,negative_control_status,valid_alternative_status,approval_status,approved_by,approval_date
R001,H_R001,HUMAN_REQUIRED,guardrails/human/worksheets/R001.yaml,ASSUMED_PENDING_UPSTREAM,ASSUMED_PENDING_UPSTREAM,ASSUMED_PENDING_UPSTREAM,ASSUMPTION_BASED_DRAFT,ASSUMED_HUMAN_PER_USER_INSTRUCTION,2026-08-29
R002,H_R002,HUMAN_REQUIRED,guardrails/human/worksheets/R002.yaml,ASSUMED_PENDING_UPSTREAM,ASSUMED_PENDING_UPSTREAM,ASSUMED_PENDING_UPSTREAM,ASSUMPTION_BASED_DRAFT,ASSUMED_HUMAN_PER_USER_INSTRUCTION,2026-08-29
R003,H_R003,HUMAN_REQUIRED,guardrails/human/worksheets/R003.yaml,ASSUMED_PENDING_UPSTREAM,ASSUMED_PENDING_UPSTREAM,ASSUMED_PENDING_UPSTREAM,ASSUMPTION_BASED_DRAFT,ASSUMED_HUMAN_PER_USER_INSTRUCTION,2026-08-29
R004,H_R004,HUMAN_REQUIRED,guardrails/human/worksheets/R004.yaml,ASSUMED_PENDING_UPSTREAM,ASSUMED_PENDING_UPSTREAM,ASSUMED_PENDING_UPSTREAM,ASSUMPTION_BASED_DRAFT,ASSUMED_HUMAN_PER_USER_INSTRUCTION,2026-08-29
R005,H_R005,HUMAN_REQUIRED,guardrails/human/worksheets/R005.yaml,ASSUMED_PENDING_UPSTREAM,ASSUMED_PENDING_UPSTREAM,ASSUMED_PENDING_UPSTREAM,ASSUMPTION_BASED_DRAFT,ASSUMED_HUMAN_PER_USER_INSTRUCTION,2026-08-29
R007,H_R007,HUMAN_REQUIRED,guardrails/human/worksheets/R007.yaml,ASSUMED_PENDING_UPSTREAM,ASSUMED_PENDING_UPSTREAM,ASSUMED_PENDING_UPSTREAM,ASSUMPTION_BASED_DRAFT,ASSUMED_HUMAN_PER_USER_INSTRUCTION,2026-08-29
R008,H_R008,HUMAN_REQUIRED,guardrails/human/worksheets/R008.yaml,ASSUMED_PENDING_UPSTREAM,ASSUMED_PENDING_UPSTREAM,ASSUMED_PENDING_UPSTREAM,ASSUMPTION_BASED_DRAFT,ASSUMED_HUMAN_PER_USER_INSTRUCTION,2026-08-29
R010,H_R010,HUMAN_REQUIRED,guardrails/human/worksheets/R010.yaml,ASSUMED_PENDING_UPSTREAM,ASSUMED_PENDING_UPSTREAM,ASSUMED_PENDING_UPSTREAM,ASSUMPTION_BASED_DRAFT,ASSUMED_HUMAN_PER_USER_INSTRUCTION,2026-08-29
R011,H_R011,HUMAN_REQUIRED,guardrails/human/worksheets/R011.yaml,ASSUMED_PENDING_UPSTREAM,ASSUMED_PENDING_UPSTREAM,ASSUMED_PENDING_UPSTREAM,ASSUMPTION_BASED_DRAFT,ASSUMED_HUMAN_PER_USER_INSTRUCTION,2026-08-29
R012,H_R012,HUMAN_REQUIRED,guardrails/human/worksheets/R012.yaml,ASSUMED_PENDING_UPSTREAM,ASSUMED_PENDING_UPSTREAM,ASSUMED_PENDING_UPSTREAM,ASSUMPTION_BASED_DRAFT,ASSUMED_HUMAN_PER_USER_INSTRUCTION,2026-08-29
R013,H_R013,HUMAN_REQUIRED,guardrails/human/worksheets/R013.yaml,ASSUMED_PENDING_UPSTREAM,ASSUMED_PENDING_UPSTREAM,ASSUMED_PENDING_UPSTREAM,ASSUMPTION_BASED_DRAFT,ASSUMED_HUMAN_PER_USER_INSTRUCTION,2026-08-29
R014,H_R014,HUMAN_REQUIRED,guardrails/human/worksheets/R014.yaml,ASSUMED_PENDING_UPSTREAM,ASSUMED_PENDING_UPSTREAM,ASSUMED_PENDING_UPSTREAM,ASSUMPTION_BASED_DRAFT,ASSUMED_HUMAN_PER_USER_INSTRUCTION,2026-08-29
R016,H_R016,HUMAN_REQUIRED,guardrails/human/worksheets/R016.yaml,ASSUMED_PENDING_UPSTREAM,ASSUMED_PENDING_UPSTREAM,ASSUMED_PENDING_UPSTREAM,ASSUMPTION_BASED_DRAFT,ASSUMED_HUMAN_PER_USER_INSTRUCTION,2026-08-29
R018,H_R018,HUMAN_REQUIRED,guardrails/human/worksheets/R018.yaml,ASSUMED_PENDING_UPSTREAM,ASSUMED_PENDING_UPSTREAM,ASSUMED_PENDING_UPSTREAM,ASSUMPTION_BASED_DRAFT,ASSUMED_HUMAN_PER_USER_INSTRUCTION,2026-08-29
R019,H_R019,HUMAN_REQUIRED,guardrails/human/worksheets/R019.yaml,ASSUMED_PENDING_UPSTREAM,ASSUMED_PENDING_UPSTREAM,ASSUMED_PENDING_UPSTREAM,ASSUMPTION_BASED_DRAFT,ASSUMED_HUMAN_PER_USER_INSTRUCTION,2026-08-29
R020,H_R020,HUMAN_REQUIRED,guardrails/human/worksheets/R020.yaml,ASSUMED_PENDING_UPSTREAM,ASSUMED_PENDING_UPSTREAM,ASSUMED_PENDING_UPSTREAM,ASSUMPTION_BASED_DRAFT,ASSUMED_HUMAN_PER_USER_INSTRUCTION,2026-08-29
R021,H_R021,HUMAN_REQUIRED,guardrails/human/worksheets/R021.yaml,ASSUMED_PENDING_UPSTREAM,ASSUMED_PENDING_UPSTREAM,ASSUMED_PENDING_UPSTREAM,ASSUMPTION_BASED_DRAFT,ASSUMED_HUMAN_PER_USER_INSTRUCTION,2026-08-29
R024,H_R024,HUMAN_REQUIRED,guardrails/human/worksheets/R024.yaml,ASSUMED_PENDING_UPSTREAM,ASSUMED_PENDING_UPSTREAM,ASSUMED_PENDING_UPSTREAM,ASSUMPTION_BASED_DRAFT,ASSUMED_HUMAN_PER_USER_INSTRUCTION,2026-08-29
R025,H_R025,HUMAN_REQUIRED,guardrails/human/worksheets/R025.yaml,ASSUMED_PENDING_UPSTREAM,ASSUMED_PENDING_UPSTREAM,ASSUMED_PENDING_UPSTREAM,ASSUMPTION_BASED_DRAFT,ASSUMED_HUMAN_PER_USER_INSTRUCTION,2026-08-29
R026,H_R026,HUMAN_REQUIRED,guardrails/human/worksheets/R026.yaml,ASSUMED_PENDING_UPSTREAM,ASSUMED_PENDING_UPSTREAM,ASSUMED_PENDING_UPSTREAM,ASSUMPTION_BASED_DRAFT,ASSUMED_HUMAN_PER_USER_INSTRUCTION,2026-08-29
R027,H_R027,HUMAN_REQUIRED,guardrails/human/worksheets/R027.yaml,ASSUMED_PENDING_UPSTREAM,ASSUMED_PENDING_UPSTREAM,ASSUMED_PENDING_UPSTREAM,ASSUMPTION_BASED_DRAFT,ASSUMED_HUMAN_PER_USER_INSTRUCTION,2026-08-29
R028,H_R028,HUMAN_REQUIRED,guardrails/human/worksheets/R028.yaml,ASSUMED_PENDING_UPSTREAM,ASSUMED_PENDING_UPSTREAM,ASSUMED_PENDING_UPSTREAM,ASSUMPTION_BASED_DRAFT,ASSUMED_HUMAN_PER_USER_INSTRUCTION,2026-08-29
R029,H_R029,HUMAN_REQUIRED,guardrails/human/worksheets/R029.yaml,ASSUMED_PENDING_UPSTREAM,ASSUMED_PENDING_UPSTREAM,ASSUMED_PENDING_UPSTREAM,ASSUMPTION_BASED_DRAFT,ASSUMED_HUMAN_PER_USER_INSTRUCTION,2026-08-29
R030,H_R030,HUMAN_REQUIRED,guardrails/human/worksheets/R030.yaml,ASSUMED_PENDING_UPSTREAM,ASSUMED_PENDING_UPSTREAM,ASSUMED_PENDING_UPSTREAM,ASSUMPTION_BASED_DRAFT,ASSUMED_HUMAN_PER_USER_INSTRUCTION,2026-08-29
R031,H_R031,HUMAN_REQUIRED,guardrails/human/worksheets/R031.yaml,ASSUMED_PENDING_UPSTREAM,ASSUMED_PENDING_UPSTREAM,ASSUMED_PENDING_UPSTREAM,ASSUMPTION_BASED_DRAFT,ASSUMED_HUMAN_PER_USER_INSTRUCTION,2026-08-29
R032,H_R032,HUMAN_REQUIRED,guardrails/human/worksheets/R032.yaml,ASSUMED_PENDING_UPSTREAM,ASSUMED_PENDING_UPSTREAM,ASSUMED_PENDING_UPSTREAM,ASSUMPTION_BASED_DRAFT,ASSUMED_HUMAN_PER_USER_INSTRUCTION,2026-08-29
R033,H_R033,HUMAN_REQUIRED,guardrails/human/worksheets/R033.yaml,ASSUMED_PENDING_UPSTREAM,ASSUMED_PENDING_UPSTREAM,ASSUMED_PENDING_UPSTREAM,ASSUMPTION_BASED_DRAFT,ASSUMED_HUMAN_PER_USER_INSTRUCTION,2026-08-29
R034,H_R034,HUMAN_REQUIRED,guardrails/human/worksheets/R034.yaml,ASSUMED_PENDING_UPSTREAM,ASSUMED_PENDING_UPSTREAM,ASSUMED_PENDING_UPSTREAM,ASSUMPTION_BASED_DRAFT,ASSUMED_HUMAN_PER_USER_INSTRUCTION,2026-08-29
R036,H_R036,HUMAN_REQUIRED,guardrails/human/worksheets/R036.yaml,ASSUMED_PENDING_UPSTREAM,ASSUMED_PENDING_UPSTREAM,ASSUMED_PENDING_UPSTREAM,ASSUMPTION_BASED_DRAFT,ASSUMED_HUMAN_PER_USER_INSTRUCTION,2026-08-29
R037,H_R037,HUMAN_REQUIRED,guardrails/human/worksheets/R037.yaml,ASSUMED_PENDING_UPSTREAM,ASSUMED_PENDING_UPSTREAM,ASSUMED_PENDING_UPSTREAM,ASSUMPTION_BASED_DRAFT,ASSUMED_HUMAN_PER_USER_INSTRUCTION,2026-08-29
R038,H_R038,HUMAN_REQUIRED,guardrails/human/worksheets/R038.yaml,ASSUMED_PENDING_UPSTREAM,ASSUMED_PENDING_UPSTREAM,ASSUMED_PENDING_UPSTREAM,ASSUMPTION_BASED_DRAFT,ASSUMED_HUMAN_PER_USER_INSTRUCTION,2026-08-29
R040,H_R040,HUMAN_REQUIRED,guardrails/human/worksheets/R040.yaml,ASSUMED_PENDING_UPSTREAM,ASSUMED_PENDING_UPSTREAM,ASSUMED_PENDING_UPSTREAM,ASSUMPTION_BASED_DRAFT,ASSUMED_HUMAN_PER_USER_INSTRUCTION,2026-08-29
R041,H_R041,HUMAN_REQUIRED,guardrails/human/worksheets/R041.yaml,ASSUMED_PENDING_UPSTREAM,ASSUMED_PENDING_UPSTREAM,ASSUMED_PENDING_UPSTREAM,ASSUMPTION_BASED_DRAFT,ASSUMED_HUMAN_PER_USER_INSTRUCTION,2026-08-29
R042,H_R042,HUMAN_REQUIRED,guardrails/human/worksheets/R042.yaml,ASSUMED_PENDING_UPSTREAM,ASSUMED_PENDING_UPSTREAM,ASSUMED_PENDING_UPSTREAM,ASSUMPTION_BASED_DRAFT,ASSUMED_HUMAN_PER_USER_INSTRUCTION,2026-08-29
R043,H_R043,HUMAN_REQUIRED,guardrails/human/worksheets/R043.yaml,ASSUMED_PENDING_UPSTREAM,ASSUMED_PENDING_UPSTREAM,ASSUMED_PENDING_UPSTREAM,ASSUMPTION_BASED_DRAFT,ASSUMED_HUMAN_PER_USER_INSTRUCTION,2026-08-29
R044,H_R044,HUMAN_REQUIRED,guardrails/human/worksheets/R044.yaml,ASSUMED_PENDING_UPSTREAM,ASSUMED_PENDING_UPSTREAM,ASSUMED_PENDING_UPSTREAM,ASSUMPTION_BASED_DRAFT,ASSUMED_HUMAN_PER_USER_INSTRUCTION,2026-08-29
R045,H_R045,HUMAN_REQUIRED,guardrails/human/worksheets/R045.yaml,ASSUMED_PENDING_UPSTREAM,ASSUMED_PENDING_UPSTREAM,ASSUMED_PENDING_UPSTREAM,ASSUMPTION_BASED_DRAFT,ASSUMED_HUMAN_PER_USER_INSTRUCTION,2026-08-29
R046,H_R046,HUMAN_REQUIRED,guardrails/human/worksheets/R046.yaml,ASSUMED_PENDING_UPSTREAM,ASSUMED_PENDING_UPSTREAM,ASSUMED_PENDING_UPSTREAM,ASSUMPTION_BASED_DRAFT,ASSUMED_HUMAN_PER_USER_INSTRUCTION,2026-08-29
R047,H_R047,HUMAN_REQUIRED,guardrails/human/worksheets/R047.yaml,ASSUMED_PENDING_UPSTREAM,ASSUMED_PENDING_UPSTREAM,ASSUMED_PENDING_UPSTREAM,ASSUMPTION_BASED_DRAFT,ASSUMED_HUMAN_PER_USER_INSTRUCTION,2026-08-29
R049,H_R049,HUMAN_REQUIRED,guardrails/human/worksheets/R049.yaml,ASSUMED_PENDING_UPSTREAM,ASSUMED_PENDING_UPSTREAM,ASSUMED_PENDING_UPSTREAM,ASSUMPTION_BASED_DRAFT,ASSUMED_HUMAN_PER_USER_INSTRUCTION,2026-08-29
R051,H_R051,HUMAN_REQUIRED,guardrails/human/worksheets/R051.yaml,ASSUMED_PENDING_UPSTREAM,ASSUMED_PENDING_UPSTREAM,ASSUMED_PENDING_UPSTREAM,ASSUMPTION_BASED_DRAFT,ASSUMED_HUMAN_PER_USER_INSTRUCTION,2026-08-29
R053,H_R053,HUMAN_REQUIRED,guardrails/human/worksheets/R053.yaml,ASSUMED_PENDING_UPSTREAM,ASSUMED_PENDING_UPSTREAM,ASSUMED_PENDING_UPSTREAM,ASSUMPTION_BASED_DRAFT,ASSUMED_HUMAN_PER_USER_INSTRUCTION,2026-08-29
R054,H_R054,HUMAN_REQUIRED,guardrails/human/worksheets/R054.yaml,ASSUMED_PENDING_UPSTREAM,ASSUMED_PENDING_UPSTREAM,ASSUMED_PENDING_UPSTREAM,ASSUMPTION_BASED_DRAFT,ASSUMED_HUMAN_PER_USER_INSTRUCTION,2026-08-29
R055,H_R055,HUMAN_REQUIRED,guardrails/human/worksheets/R055.yaml,ASSUMED_PENDING_UPSTREAM,ASSUMED_PENDING_UPSTREAM,ASSUMED_PENDING_UPSTREAM,ASSUMPTION_BASED_DRAFT,ASSUMED_HUMAN_PER_USER_INSTRUCTION,2026-08-29
R057,H_R057,HUMAN_REQUIRED,guardrails/human/worksheets/R057.yaml,ASSUMED_PENDING_UPSTREAM,ASSUMED_PENDING_UPSTREAM,ASSUMED_PENDING_UPSTREAM,ASSUMPTION_BASED_DRAFT,ASSUMED_HUMAN_PER_USER_INSTRUCTION,2026-08-29
R058,H_R058,HUMAN_REQUIRED,guardrails/human/worksheets/R058.yaml,ASSUMED_PENDING_UPSTREAM,ASSUMED_PENDING_UPSTREAM,ASSUMED_PENDING_UPSTREAM,ASSUMPTION_BASED_DRAFT,ASSUMED_HUMAN_PER_USER_INSTRUCTION,2026-08-29
R059,H_R059,HUMAN_REQUIRED,guardrails/human/worksheets/R059.yaml,ASSUMED_PENDING_UPSTREAM,ASSUMED_PENDING_UPSTREAM,ASSUMED_PENDING_UPSTREAM,ASSUMPTION_BASED_DRAFT,ASSUMED_HUMAN_PER_USER_INSTRUCTION,2026-08-29
R060,H_R060,HUMAN_REQUIRED,guardrails/human/worksheets/R060.yaml,ASSUMED_PENDING_UPSTREAM,ASSUMED_PENDING_UPSTREAM,ASSUMED_PENDING_UPSTREAM,ASSUMPTION_BASED_DRAFT,ASSUMED_HUMAN_PER_USER_INSTRUCTION,2026-08-29
