requirement_id,formulation_family,f0_text,f1_text,actor_check,action_check,condition_check,threshold_check,response_check,state_mutation_check,exception_check,negation_check,judgment,notes
"R001","F1","A payment request may be approved only by a user with the `approver` role, and the user who submitted the request must not approve that same request.","Only a user with the `approver` role may approve a payment request, and the user who submitted that request may not approve it.","same","same","same","same","same","same","same","same","EQUIVALENT","same meaning"
"R002","F1","A payment greater than 10000 USD may be released only after two distinct approvers have approved it, and at least one approver must hold the `finance_manager` role.","A payment above 10000 USD can be released only after approval by two different approvers, with at least one of those approvers holding the `finance_manager` role.","same","same","same","same","same","same","same","same","EQUIVALENT","same threshold, cardinality, role, and release restriction"
"R003","F1","A payment may be voided only by its creator or by an `admin` user before settlement, and a successful void must set status to `VOIDED` and append a void audit event.","Before settlement, only the payment creator or an `admin` user may void the payment, and a successful void must change the status to `VOIDED` and append a void audit event.","same","same","same","same","same","same","same","same","EQUIVALENT","same authorization, timing, state, and audit meaning"
"R004","F1","If an approval request is made with an inactive session token, the system must return `401`, must not record an approval, and must not change payment state.","When an approval request uses an inactive session token, the system must return `401`, record no approval, and leave payment state unchanged.","same","same","same","same","same","same","same","same","EQUIVALENT","same inactive-token response and non-mutation rules"
"R005","F1","A user with the `support_readonly` role may view payment summaries but must not see full account numbers, routing numbers, or approval comments marked confidential.","A user in the `support_readonly` role may view payment summaries, but that user must not be shown full account numbers, routing numbers, or approval comments marked confidential.","same","same","same","same","same","same","same","same","EQUIVALENT","same permission and disclosure prohibitions"
"R007","F1","An approval delegate may act for the original approver only during the configured delegation window, and the delegate must not create a further delegation from that temporary authority.","An approval delegate may act on behalf of the original approver only while the configured delegation window is active, and that delegate must not create another delegation from the temporary authority.","same","same","same","same","same","same","same","same","EQUIVALENT","same delegation window and chaining prohibition"
"R008","F1","A settled payment may be reversed only by a user with the `treasury` role, and the reversal request must reference an existing incident ticket.","Only a user with the `treasury` role may reverse a settled payment, and the reversal request must reference an existing incident ticket.","same","same","same","same","same","same","same","same","EQUIVALENT","same role, state, and ticket conditions"
"R010","F1","A service account may create an internal transfer only when its mTLS client subject is on the approved allowlist; otherwise the request must be denied and no transfer record may be created.","A service account may create an internal transfer only if its mTLS client subject appears on the approved allowlist; otherwise the request must be denied and no transfer record may be created.","same","same","same","same","same","same","same","same","EQUIVALENT","same allowlist, denial, and no-record semantics"
"R031","F1","A payment may move from `DRAFT` to `SUBMITTED` only if it has at least one line item and the beneficiary record is verified.","A payment may transition from `DRAFT` to `SUBMITTED` only when it has at least one line item and the beneficiary record is verified.","same","same","same","same","same","same","same","same","EQUIVALENT","same transition and prerequisites"
"R032","F1","A `SUBMITTED` payment may transition to `APPROVED` only after the required approver count for that payment type has been reached.","A `SUBMITTED` payment may move to `APPROVED` only after the required approver count for that payment type is reached.","same","same","same","same","same","same","same","same","EQUIVALENT","same state transition and payment-type threshold"
"R033","F1","Once a payment reaches `EXECUTED`, no mutable field except `reconciliation_note` may be changed.","Once a payment reaches `EXECUTED`, no mutable field other than `reconciliation_note` may be changed.","same","same","same","same","same","same","same","same","EQUIVALENT","same immutability rule and exception"
"R034","F1","Rejecting a payment must set status to `REJECTED` and clear any scheduled execution timestamp.","Rejecting a payment must set its status to `REJECTED` and must clear any scheduled execution timestamp.","same","same","same","same","same","same","same","same","EQUIVALENT","same required state mutations"
"R036","F1","A payment may be canceled only from `DRAFT` or `SUBMITTED`; a cancel request for `APPROVED` or `EXECUTED` must return `409` and leave status unchanged.","A payment may be canceled only while it is in `DRAFT` or `SUBMITTED`; a cancel request for `APPROVED` or `EXECUTED` must return `409` and leave the status unchanged.","same","same","same","same","same","same","same","same","EQUIVALENT","same states, response, and unchanged-status rule"
"R037","F1","If a delegation window expires while a delegated approval task is still pending, that delegated task must become invalid and an expiration event must be emitted.","If a delegated approval task is still pending when the delegation window expires, that delegated task must become invalid and an expiration event must be emitted.","same","same","same","same","same","same","same","same","EQUIVALENT","same trigger, invalidation, and event"
"R038","F1","Opening a chargeback on a captured payment must set `dispute_status` to `OPEN` and must block creation of further refunds until the dispute is resolved.","Opening a chargeback on a captured payment must set `dispute_status` to `OPEN` and must block any further refund creation until the dispute is resolved.","same","same","same","same","same","same","same","same","EQUIVALENT","same state mutation, refund block, and end condition"
"R040","F1","A partially refunded payment must remain in `CAPTURED` status until the sum of approved refunds equals the captured amount; only then may status become `REFUNDED`.","A partially refunded payment must stay in `CAPTURED` status until the total of approved refunds equals the captured amount; only then may the status become `REFUNDED`.","same","same","same","same","same","same","same","same","EQUIVALENT","same equality threshold and state constraint"
"R021","F1","A payment-create request must be rejected unless `amount` is greater than 0 and less than or equal to 100000.","Reject a payment-create request unless `amount` is greater than 0 and less than or equal to 100000.","same","same","same","same","same","same","same","same","EQUIVALENT","imperative rewrite; bounds and rejection unchanged"
"R024","F1","A scheduled payment date must not be earlier than the request date and must not be more than 30 calendar days after the request date.","A scheduled payment date must be no earlier than the request date and no more than 30 calendar days after the request date.","same","same","same","same","same","same","same","same","EQUIVALENT","same lower and upper date bounds with mandatory phrasing preserved"
"R025","F1","A rejection decision must include a comment between 10 and 500 characters; approval decisions must not require that comment.","A rejection decision must include a comment that is between 10 and 500 characters long, while approval decisions must not require that comment.","same","same","same","ambiguous","same","same","same","same","AMBIGUOUS","preserved original ambiguity about endpoint inclusivity"
"R026","F1","A beneficiary bank update request must include either an IBAN or both an account number and routing number, but it must not include both forms at the same time.","A beneficiary bank update request must include either an IBAN or both an account number and a routing number, but it must not include both forms at the same time.","same","same","same","same","same","same","same","same","EQUIVALENT","same exclusive identifier alternatives"
"R027","F1","Attachment upload for a payment request must accept only `pdf` or `png` files no larger than 5 MB.","Attachment upload for a payment request must accept only `pdf` or `png` files that are no larger than 5 MB.","same","same","same","same","same","same","same","same","EQUIVALENT","same accepted types and same maximum size constraint"
"R028","F1","A batch payout request must contain between 1 and 100 items, and all `client_reference` values within the batch must be unique.","A batch payout request must include between 1 and 100 items, and all `client_reference` values within that batch must be unique.","same","same","same","same","same","same","same","same","EQUIVALENT","same batch-size range and same uniqueness rule"
"R029","F1","A callback URL for asynchronous payment updates must use `https` and its hostname must be on the tenant allowlist.","A callback URL used for asynchronous payment updates must use `https`, and its hostname must appear on the tenant allowlist.","same","same","same","same","same","same","same","same","EQUIVALENT","same scheme and tenant allowlist constraints"
"R030","F1","A refund request amount must not exceed the captured amount minus all prior approved refunds for that payment.","The amount of a refund request must not exceed the captured amount less all previously approved refunds for that payment.","same","same","same","same","same","same","same","same","EQUIVALENT","same maximum calculation and negation"
"R041","F1","Repeating a create-payment request with the same idempotency key and the same request body must return the original payment ID and must not create a second payment record.","If a create-payment request is repeated with the same idempotency key and the same request body, it must return the original payment ID and must not create another payment record.","same","same","same","same","same","same","same","same","EQUIVALENT","same replay response and duplicate prohibition"
"R042","F1","Reusing an idempotency key with a different request body must return `409` and must not create or modify any payment record.","Reusing an idempotency key with a different request body must return `409` and must neither create nor modify any payment record.","same","same","same","same","same","same","same","same","EQUIVALENT","same conflict response and non-mutation"
"R043","F1","Retrying the same approval command after a client timeout must not record a duplicate approval action for the same approver and payment.","Retrying the same approval command after a client timeout must not record a second approval action for that same approver and payment.","same","same","same","same","same","same","same","same","EQUIVALENT","second action preserves duplicate prohibition in same retry context"
"R044","F1","The ledger-posting consumer must ignore a duplicate provider message ID and must append a `duplicate_ignored` event.","The ledger-posting consumer must ignore any duplicate provider message ID and must append a `duplicate_ignored` event.","same","same","same","same","same","same","same","same","EQUIVALENT","same duplicate suppression and event"
"R045","F1","Webhook delivery retries may occur on `5xx` responses up to three attempts, and retries must stop immediately after the first successful delivery.","Webhook delivery retries may occur for `5xx` responses for up to three attempts, and those retries must stop immediately after the first successful delivery.","same","same","same","same","same","same","same","same","EQUIVALENT","same retry permission, cap, and stop condition"
"R046","F1","Restarting an export job after a worker crash must resume under the same job ID and must not duplicate output rows already written.","After a worker crash, restarting an export job must resume under the same job ID and must not duplicate output rows that were already written.","same","same","same","same","same","same","same","same","EQUIVALENT","same crash recovery identity and deduplication"
"R047","F1","If a payout executor lock remains stale for more than five minutes, exactly one successor worker may acquire the lock and continue the job.","If a payout executor lock stays stale for more than five minutes, exactly one successor worker may acquire that lock and continue the job.","same","same","same","same","same","same","same","same","EQUIVALENT","same threshold, permission, and exclusivity"
"R049","F1","Importing a reconciliation file whose checksum matches a previously successful import must mark the new attempt as duplicate and must not apply the file contents a second time.","When a reconciliation file is imported and its checksum matches a previously successful import, the new attempt must be marked as duplicate and the file contents must not be applied a second time.","same","same","same","same","same","same","same","same","EQUIVALENT","same checksum trigger, marking, and no-reapply rule"
"R011","F1","Application logs must never contain a full account number; if an account number is logged, only the last four digits may remain visible.","A full account number must never appear in application logs; whenever an account number is logged, no more than the last four digits may remain visible.","same","same","same","same","same","same","same","same","EQUIVALENT","same full-number prohibition and visibility limit"
"R012","F1","Every payment status change must append an audit event containing payment ID, old status, new status, actor ID, and event timestamp.","Each payment status change must append an audit event that includes payment ID, prior status, new status, actor ID, and event timestamp.","same","same","same","same","same","same","same","same","EQUIVALENT","same universal event and fields"
"R013","F1","Secret values from environment variables or secret-manager lookups must not be written to application logs even when an exception occurs.","Secret values obtained from environment variables or secret-manager lookups must not be written to application logs, including when an exception occurs.","same","same","same","same","same","same","same","same","EQUIVALENT","same sources, prohibition, and exception coverage"
"R014","F1","A denied approval attempt caused by insufficient permission must create a security audit event containing actor ID, payment ID, reason code, and timestamp.","If an approval attempt is denied because permission is insufficient, it must create a security audit event containing actor ID, payment ID, reason code, and timestamp.","same","same","same","same","same","same","same","same","EQUIVALENT","same denial trigger, event, and fields"
"R016","F1","A document-download token must expire 15 minutes after issuance; requests using an expired token must return `410` and must append a token-expired audit event.","A document-download token expires 15 minutes after issuance; any request that uses an expired token must return `410` and append a token-expired audit event.","same","same","same","same","same","same","same","same","EQUIVALENT","declarative rewrite preserves mandatory lifetime and expired-token effects"
"R018","F1","Every reconciliation report download must append an audit record containing requester ID, applied filters, row count, and generation timestamp.","Each reconciliation report download must append an audit record that contains requester ID, applied filters, row count, and generation timestamp.","same","same","same","same","same","same","same","same","EQUIVALENT","same universal audit record and fields"
"R019","F1","Search logs for customer-email lookups must store only a salted hash of the search term and must never store the raw email string.","For customer-email lookups, search logs must store only a salted hash of the search term and must never store the raw email string.","same","same","same","same","same","same","same","same","EQUIVALENT","same scope, hash requirement, and raw-value prohibition"
"R020","F1","Both successful and denied reads of the payment-provider configuration must append an audit event containing actor ID, outcome, and configuration name.","Reading the payment-provider configuration, whether the read is successful or denied, must append an audit event containing actor ID, outcome, and configuration name.","same","same","same","same","same","same","same","same","EQUIVALENT","same success and denial branches plus event fields"
"R051","F1","Every API response from the payment service must include a `correlation_id` header, and the same ID must appear in the corresponding request log entry.","Every API response from the payment service must include a `correlation_id` header, and that same ID must appear in the corresponding request log entry.","same","same","same","same","same","same","same","same","EQUIVALENT","same universal header and matching log value"
"R053","F1","The system must record approval latency as the elapsed time between payment submission and the first terminal approval or rejection decision.","The system must record approval latency as the elapsed time from payment submission to the first terminal approval or rejection decision.","same","same","same","same","same","same","same","same","EQUIVALENT","same metric endpoints and first-terminal condition"
"R054","F1","Every execution job must emit a structured start event and a structured end event containing job ID, result, and timestamp.","Every execution job must emit a structured start event and a structured end event containing job ID, result, and timestamp.","same","same","same","same","ambiguous","same","same","same","AMBIGUOUS","identical text preserves field-attachment ambiguity"
"R055","F1","If a guardrail blocks a request, the emitted violation record must include the originating `requirement_id`.","If a guardrail blocks a request, the violation record it emits must include the originating `requirement_id`.","same","same","same","same","same","same","same","same","EQUIVALENT","same emitted-record requirement and same required field"
"R057","F1","When the provider retry circuit opens, the system must emit one alert event per open interval and must not emit duplicate alerts until the circuit has closed again.","When the provider retry circuit opens, the system must emit one alert event for each open interval and must not emit duplicate alerts until the circuit closes again.","same","same","same","same","same","same","same","same","EQUIVALENT","same interval alert and duplicate suppression"
"R058","F1","A manual override action must include a non-empty reason and must append an audit record referencing the affected entity ID.","A manual override action must include a non-empty reason and must append an audit record that references the affected entity ID.","same","same","same","same","same","same","same","same","EQUIVALENT","same reason and audit-reference obligations"
"R059","F1","Detecting a reconciliation mismatch must increment a mismatch metric and must create a review case linked to the payment batch.","Detecting a reconciliation mismatch must increment a mismatch metric and must create a review case that is linked to the payment batch.","same","same","same","same","same","same","same","same","EQUIVALENT","same metric and linked-case effects"
"R060","F1","Completion of a data export job must emit an event containing requester ID, row count, duration in milliseconds, and success flag.","Completing a data export job must emit an event containing requester ID, row count, duration in milliseconds, and success flag.","same","same","same","same","same","same","same","same","EQUIVALENT","same completion trigger, event, and fields"
"R001","F2","A payment request may be approved only by a user with the `approver` role, and the user who submitted the request must not approve that same request.","The user who submitted a payment request must not approve that request, and approval is allowed only for a user with the `approver` role.","same","same","same","same","same","same","same","same","EQUIVALENT","meaningful clause reorder; same role and self-approval constraints"
"R002","F2","A payment greater than 10000 USD may be released only after two distinct approvers have approved it, and at least one approver must hold the `finance_manager` role.","Release is allowed only after approval by two distinct approvers for a payment greater than 10000 USD, and at least one of those approvers must hold the `finance_manager` role.","same","same","same","same","same","same","same","same","EQUIVALENT","minimal restructuring; threshold, count, role, and release scope preserved"
"R003","F2","A payment may be voided only by its creator or by an `admin` user before settlement, and a successful void must set status to `VOIDED` and append a void audit event.","Before settlement, a payment may be voided only by its creator or by an `admin` user. A successful void must append a void audit event and set the status to `VOIDED`.","same","same","same","same","same","same","same","same","EQUIVALENT","condition fronted, sentence split, effects reordered"
"R004","F2","If an approval request is made with an inactive session token, the system must return `401`, must not record an approval, and must not change payment state.","For an approval request made with an inactive session token, the system must not record an approval, must not change payment state, and must return `401`.","same","same","same","same","same","same","same","same","EQUIVALENT","response and non-mutation clauses reordered"
"R005","F2","A user with the `support_readonly` role may view payment summaries but must not see full account numbers, routing numbers, or approval comments marked confidential.","Payment summaries may be viewed by a user with the `support_readonly` role, but full account numbers, routing numbers, and approval comments marked confidential must not be visible to that user.","same","same","same","same","same","same","same","same","EQUIVALENT","active/passive shift preserves permission and all exclusions"
"R007","F2","An approval delegate may act for the original approver only during the configured delegation window, and the delegate must not create a further delegation from that temporary authority.","Only during the configured delegation window may an approval delegate act for the original approver; the delegate must create no further delegation from that temporary authority.","same","same","same","same","same","same","same","same","EQUIVALENT","fronted time condition and negation rewrite preserve delegate-only chaining prohibition"
"R008","F2","A settled payment may be reversed only by a user with the `treasury` role, and the reversal request must reference an existing incident ticket.","Only a user with the `treasury` role may reverse a settled payment, and an existing incident ticket must be referenced by the reversal request.","same","same","same","same","same","same","same","same","EQUIVALENT","meaningful voice shifts preserve role, state, and ticket requirements"
"R010","F2","A service account may create an internal transfer only when its mTLS client subject is on the approved allowlist; otherwise the request must be denied and no transfer record may be created.","Only when its mTLS client subject is on the approved allowlist may a service account create an internal transfer; otherwise the request must be denied and no transfer record may be created.","same","same","same","same","same","same","same","same","EQUIVALENT","allowlist condition fronted; denial and no-record effects preserved"
"R031","F2","A payment may move from `DRAFT` to `SUBMITTED` only if it has at least one line item and the beneficiary record is verified.","Only if it has at least one line item and the beneficiary record is verified may a payment move from `DRAFT` to `SUBMITTED`.","same","same","same","same","same","same","same","same","EQUIVALENT","compound condition fronted; transition semantics unchanged"
"R032","F2","A `SUBMITTED` payment may transition to `APPROVED` only after the required approver count for that payment type has been reached.","Only after the required approver count for that payment type has been reached may a `SUBMITTED` payment transition to `APPROVED`.","same","same","same","same","same","same","same","same","EQUIVALENT","threshold condition fronted without scope change"
"R033","F2","Once a payment reaches `EXECUTED`, no mutable field except `reconciliation_note` may be changed.","Once a payment reaches `EXECUTED`, `reconciliation_note` is the only mutable field that may be changed.","same","same","same","same","same","same","same","same","EQUIVALENT","minimal negative-to-positive exclusivity rewrite; exception preserved"
"R034","F2","Rejecting a payment must set status to `REJECTED` and clear any scheduled execution timestamp.","Rejecting a payment must clear any scheduled execution timestamp and set the status to `REJECTED`.","same","same","same","same","same","same","same","same","EQUIVALENT","required mutations reordered"
"R036","F2","A payment may be canceled only from `DRAFT` or `SUBMITTED`; a cancel request for `APPROVED` or `EXECUTED` must return `409` and leave status unchanged.","Only a payment in `DRAFT` or `SUBMITTED` may be canceled; for `APPROVED` or `EXECUTED`, a cancel request must leave status unchanged and return `409`.","same","same","same","same","same","same","same","same","EQUIVALENT","allowed-state clause and failure effects reordered"
"R037","F2","If a delegation window expires while a delegated approval task is still pending, that delegated task must become invalid and an expiration event must be emitted.","An expiration event must be emitted, and the delegated approval task must become invalid, if the delegation window expires while that task is still pending.","same","same","same","same","same","same","same","same","EQUIVALENT","trigger moved to end and effects reordered"
"R038","F2","Opening a chargeback on a captured payment must set `dispute_status` to `OPEN` and must block creation of further refunds until the dispute is resolved.","Opening a chargeback on a captured payment must block creation of further refunds until the dispute is resolved and must set `dispute_status` to `OPEN`.","same","same","same","same","same","same","same","same","EQUIVALENT","effects reordered; resolution boundary remains on refund block"
"R040","F2","A partially refunded payment must remain in `CAPTURED` status until the sum of approved refunds equals the captured amount; only then may status become `REFUNDED`.","Only when the sum of approved refunds equals the captured amount may a partially refunded payment become `REFUNDED`; until then it must remain in `CAPTURED` status.","same","same","same","same","same","same","same","same","EQUIVALENT","equality clause fronted; state constraints preserved"
"R021","F2","A payment-create request must be rejected unless `amount` is greater than 0 and less than or equal to 100000.","Unless `amount` is greater than 0 and less than or equal to 100000, a payment-create request must be rejected.","same","same","same","same","same","same","same","same","EQUIVALENT","unless-condition fronted; rejection and exact bounds preserved"
"R024","F2","A scheduled payment date must not be earlier than the request date and must not be more than 30 calendar days after the request date.","A scheduled payment date must be on or after the request date, with 30 calendar days after the request date as its latest permitted date.","same","same","same","same","same","same","same","same","EQUIVALENT","bounds recast as earliest and latest permitted dates; mandatory inclusive limits preserved"
"R025","F2","A rejection decision must include a comment between 10 and 500 characters; approval decisions must not require that comment.","A comment between 10 and 500 characters must accompany a rejection decision; approval decisions must not require that comment.","same","same","same","ambiguous","same","same","same","same","AMBIGUOUS","active requirement recast with reordered subject; endpoint-inclusivity ambiguity preserved"
"R026","F2","A beneficiary bank update request must include either an IBAN or both an account number and routing number, but it must not include both forms at the same time.","A beneficiary bank update request must not include both forms at the same time; instead, it must include either an IBAN or both an account number and routing number.","same","same","same","same","same","same","same","same","EQUIVALENT","negated XOR clause fronted; alternatives unchanged"
"R027","F2","Attachment upload for a payment request must accept only `pdf` or `png` files no larger than 5 MB.","Attachment upload must, for a payment request, accept only files that are `pdf` or `png` and no larger than 5 MB.","same","same","same","ambiguous","same","same","same","same","EQUIVALENT","mandatory accept-only semantics preserved; original ambiguity about file-type detection and 5 MB interpretation intentionally left unresolved"
"R028","F2","A batch payout request must contain between 1 and 100 items, and all `client_reference` values within the batch must be unique.","All `client_reference` values within a batch payout request must be unique, and the request must contain between 1 and 100 items.","same","same","same","ambiguous","same","same","same","same","AMBIGUOUS","clauses reordered; original between-endpoint ambiguity preserved"
"R029","F2","A callback URL for asynchronous payment updates must use `https` and its hostname must be on the tenant allowlist.","For asynchronous payment updates, a callback URL must have its hostname on the tenant allowlist and must use `https`.","same","same","same","same","same","same","same","same","EQUIVALENT","purpose fronted and constraints reordered"
"R030","F2","A refund request amount must not exceed the captured amount minus all prior approved refunds for that payment.","The captured amount minus all prior approved refunds for that payment is the most a refund request amount may be.","same","same","same","same","same","same","same","same","EQUIVALENT","ceiling fronted; same maximum calculation"
"R041","F2","Repeating a create-payment request with the same idempotency key and the same request body must return the original payment ID and must not create a second payment record.","A repeated create-payment request with the same idempotency key and the same request body must not create a second payment record and must return the original payment ID.","same","same","same","same","same","same","same","same","EQUIVALENT","response and no-duplicate effects reordered"
"R042","F2","Reusing an idempotency key with a different request body must return `409` and must not create or modify any payment record.","For a reused idempotency key with a different request body, the response must be `409`, and no payment record may be created or modified.","same","same","same","same","same","same","same","same","EQUIVALENT","condition fronted; response and non-mutation unchanged"
"R043","F2","Retrying the same approval command after a client timeout must not record a duplicate approval action for the same approver and payment.","For the same approver and payment, retrying the same approval command after a client timeout must not record a duplicate approval action.","same","same","same","same","same","same","same","same","EQUIVALENT","identity scope fronted; duplicate prohibition preserved"
"R044","F2","The ledger-posting consumer must ignore a duplicate provider message ID and must append a `duplicate_ignored` event.","A `duplicate_ignored` event must be appended, and the duplicate provider message ID must be ignored, by the ledger-posting consumer.","same","same","same","same","same","same","same","same","EQUIVALENT","passive voice and clause reorder preserve consumer duties"
"R045","F2","Webhook delivery retries may occur on `5xx` responses up to three attempts, and retries must stop immediately after the first successful delivery.","Retries must stop immediately after the first successful delivery, and on `5xx` responses webhook delivery retries may occur for up to three attempts.","same","same","same","same","same","same","same","same","EQUIVALENT","stop rule fronted; retry condition and cap unchanged"
"R046","F2","Restarting an export job after a worker crash must resume under the same job ID and must not duplicate output rows already written.","After a worker crash, restarting an export job must not duplicate output rows already written and must resume under the same job ID.","same","same","same","same","same","same","same","same","EQUIVALENT","crash condition fronted and effects reordered"
"R047","F2","If a payout executor lock remains stale for more than five minutes, exactly one successor worker may acquire the lock and continue the job.","If a payout executor lock remains stale for more than five minutes, the job may be continued only by exactly one successor worker acquiring the lock.","same","same","same","same","same","same","same","same","EQUIVALENT","passive restructuring preserves threshold and single-successor permission"
"R049","F2","Importing a reconciliation file whose checksum matches a previously successful import must mark the new attempt as duplicate and must not apply the file contents a second time.","The file contents must not be applied a second time, and the new attempt must be marked as duplicate, when a reconciliation file checksum matches a previously successful import.","same","same","same","same","same","same","same","same","EQUIVALENT","trigger moved to end and effects reordered"
"R011","F2","Application logs must never contain a full account number; if an account number is logged, only the last four digits may remain visible.","If an account number is logged, only the last four digits may remain visible, and application logs must never contain a full account number.","same","same","same","same","same","same","same","same","EQUIVALENT","meaningful clause reorder preserves both prohibitions"
"R012","F2","Every payment status change must append an audit event containing payment ID, old status, new status, actor ID, and event timestamp.","An audit event containing payment ID, old status, new status, actor ID, and event timestamp must be appended for every payment status change.","same","same","same","same","same","same","same","same","EQUIVALENT","active-to-passive shift preserves universal event requirement"
"R013","F2","Secret values from environment variables or secret-manager lookups must not be written to application logs even when an exception occurs.","Even when an exception occurs, secret values from environment variables or secret-manager lookups must not be written to application logs.","same","same","same","same","same","same","same","same","EQUIVALENT","exception condition fronted; prohibition unchanged"
"R014","F2","A denied approval attempt caused by insufficient permission must create a security audit event containing actor ID, payment ID, reason code, and timestamp.","A security audit event containing actor ID, payment ID, reason code, and timestamp must be created when an approval attempt is denied because permission is insufficient.","same","same","same","same","same","same","same","same","EQUIVALENT","passive event clause and trailing trigger preserve semantics"
"R016","F2","A document-download token must expire 15 minutes after issuance; requests using an expired token must return `410` and must append a token-expired audit event.","Fifteen minutes after issuance, a document-download token must be expired; requests using that expired token must append a token-expired audit event and must return `410`.","same","same","same","same","same","same","same","same","EQUIVALENT","threshold fronted and expired-request effects reordered"
"R018","F2","Every reconciliation report download must append an audit record containing requester ID, applied filters, row count, and generation timestamp.","An audit record containing requester ID, applied filters, row count, and generation timestamp must be appended for every reconciliation report download.","same","same","same","same","same","same","same","same","EQUIVALENT","active-to-passive shift preserves universal audit requirement"
"R019","F2","Search logs for customer-email lookups must store only a salted hash of the search term and must never store the raw email string.","For customer-email lookups, the raw email string must never be stored in search logs, and only a salted hash of the search term may be stored.","same","same","same","same","same","same","same","same","EQUIVALENT","scope fronted and storage clauses reordered"
"R020","F2","Both successful and denied reads of the payment-provider configuration must append an audit event containing actor ID, outcome, and configuration name.","An audit event containing actor ID, outcome, and configuration name must be appended for both successful and denied reads of the payment-provider configuration.","same","same","same","same","same","same","same","same","EQUIVALENT","active-to-passive shift preserves both branches and fields"
"R051","F2","Every API response from the payment service must include a `correlation_id` header, and the same ID must appear in the corresponding request log entry.","The same ID must appear in the corresponding request log entry, and every API response from the payment service must include a `correlation_id` header.","same","same","same","same","same","same","same","same","EQUIVALENT","cross-artifact clauses reordered; same-ID relation preserved"
"R053","F2","The system must record approval latency as the elapsed time between payment submission and the first terminal approval or rejection decision.","The elapsed time between payment submission and the first terminal approval or rejection decision must be recorded by the system as approval latency.","same","same","same","same","same","same","same","same","EQUIVALENT","active-to-passive shift preserves metric endpoints"
"R054","F2","Every execution job must emit a structured start event and a structured end event containing job ID, result, and timestamp.","A structured start event and a structured end event containing job ID, result, and timestamp must be emitted for every execution job.","same","same","same","same","ambiguous","same","same","same","AMBIGUOUS","actor moved to trailing universal scope and emission made passive; original field-attachment ambiguity preserved"
"R055","F2","If a guardrail blocks a request, the emitted violation record must include the originating `requirement_id`.","When a request is blocked by a guardrail, the originating `requirement_id` must be included in the emitted violation record.","same","same","same","same","ambiguous","same","same","same","AMBIGUOUS","trigger and record-field obligation made passive; original ambiguity about mandatory emission preserved"
"R057","F2","When the provider retry circuit opens, the system must emit one alert event per open interval and must not emit duplicate alerts until the circuit has closed again.","The system must not emit duplicate alerts until the provider retry circuit has closed again, and when that circuit opens it must emit one alert event per open interval.","same","same","same","same","same","same","same","same","EQUIVALENT","duplicate prohibition fronted; alert trigger and interval preserved"
"R058","F2","A manual override action must include a non-empty reason and must append an audit record referencing the affected entity ID.","A manual override action must append an audit record referencing the affected entity ID and must include a non-empty reason.","same","same","same","same","same","same","same","same","EQUIVALENT","required clauses reordered"
"R059","F2","Detecting a reconciliation mismatch must increment a mismatch metric and must create a review case linked to the payment batch.","Detecting a reconciliation mismatch must create a review case linked to the payment batch and must increment a mismatch metric.","same","same","same","same","same","same","same","same","EQUIVALENT","required effects reordered"
"R060","F2","Completion of a data export job must emit an event containing requester ID, row count, duration in milliseconds, and success flag.","An event containing requester ID, row count, duration in milliseconds, and success flag must be emitted when a data export job completes.","same","same","same","same","same","same","same","same","EQUIVALENT","active-to-passive shift with trigger moved to end"
