requirement_id,source_type,source_title,source_section,source_url_or_identifier,prior_paper_used,prior_requirement_id,verbatim_reuse,substantive_rewrite,notes
R001,NEW_SYNTHETIC,,,,no,,no,no,"New synthetic IC-SQITS benchmark requirement drafted in Step 6 and retained in Step 7; no prior paper requirement reused."
R002,NEW_SYNTHETIC,,,,no,,no,no,"New synthetic IC-SQITS benchmark requirement drafted in Step 6 and retained in Step 7; no prior paper requirement reused."
R003,NEW_SYNTHETIC,,,,no,,no,no,"New synthetic IC-SQITS benchmark requirement drafted in Step 6 and retained in Step 7; no prior paper requirement reused."
R004,NEW_SYNTHETIC,,,,no,,no,no,"New synthetic IC-SQITS benchmark requirement drafted in Step 6 and retained in Step 7; no prior paper requirement reused."
R005,NEW_SYNTHETIC,,,,no,,no,no,"New synthetic IC-SQITS benchmark requirement drafted in Step 6 and retained in Step 7; no prior paper requirement reused."
R007,NEW_SYNTHETIC,,,,no,,no,no,"New synthetic IC-SQITS benchmark requirement drafted in Step 6 and retained in Step 7; no prior paper requirement reused."
R008,NEW_SYNTHETIC,,,,no,,no,no,"New synthetic IC-SQITS benchmark requirement drafted in Step 6 and retained in Step 7; no prior paper requirement reused."
R010,NEW_SYNTHETIC,,,,no,,no,no,"New synthetic IC-SQITS benchmark requirement drafted in Step 6 and retained in Step 7; no prior paper requirement reused."
R011,NEW_SYNTHETIC,,,,no,,no,no,"New synthetic IC-SQITS benchmark requirement drafted in Step 6 and retained in Step 7; no prior paper requirement reused."
R012,NEW_SYNTHETIC,,,,no,,no,no,"New synthetic IC-SQITS benchmark requirement drafted in Step 6 and retained in Step 7; no prior paper requirement reused."
R013,NEW_SYNTHETIC,,,,no,,no,no,"New synthetic IC-SQITS benchmark requirement drafted in Step 6 and retained in Step 7; no prior paper requirement reused."
R014,NEW_SYNTHETIC,,,,no,,no,no,"New synthetic IC-SQITS benchmark requirement drafted in Step 6 and retained in Step 7; no prior paper requirement reused."
R016,NEW_SYNTHETIC,,,,no,,no,no,"New synthetic IC-SQITS benchmark requirement drafted in Step 6 and retained in Step 7; no prior paper requirement reused."
R018,NEW_SYNTHETIC,,,,no,,no,no,"New synthetic IC-SQITS benchmark requirement drafted in Step 6 and retained in Step 7; no prior paper requirement reused."
R019,NEW_SYNTHETIC,,,,no,,no,no,"New synthetic IC-SQITS benchmark requirement drafted in Step 6 and retained in Step 7; no prior paper requirement reused."
R020,NEW_SYNTHETIC,,,,no,,no,no,"New synthetic IC-SQITS benchmark requirement drafted in Step 6 and retained in Step 7; no prior paper requirement reused."
R021,NEW_SYNTHETIC,,,,no,,no,no,"New synthetic IC-SQITS benchmark requirement drafted in Step 6 and retained in Step 7; no prior paper requirement reused."
R024,NEW_SYNTHETIC,,,,no,,no,no,"New synthetic IC-SQITS benchmark requirement drafted in Step 6 and retained in Step 7; no prior paper requirement reused."
R025,NEW_SYNTHETIC,,,,no,,no,no,"New synthetic IC-SQITS benchmark requirement drafted in Step 6 and retained in Step 7; no prior paper requirement reused."
R026,NEW_SYNTHETIC,,,,no,,no,no,"New synthetic IC-SQITS benchmark requirement drafted in Step 6 and retained in Step 7; no prior paper requirement reused."
R027,NEW_SYNTHETIC,,,,no,,no,no,"New synthetic IC-SQITS benchmark requirement drafted in Step 6 and retained in Step 7; no prior paper requirement reused."
R028,NEW_SYNTHETIC,,,,no,,no,no,"New synthetic IC-SQITS benchmark requirement drafted in Step 6 and retained in Step 7; no prior paper requirement reused."
R029,NEW_SYNTHETIC,,,,no,,no,no,"New synthetic IC-SQITS benchmark requirement drafted in Step 6 and retained in Step 7; no prior paper requirement reused."
R030,NEW_SYNTHETIC,,,,no,,no,no,"New synthetic IC-SQITS benchmark requirement drafted in Step 6 and retained in Step 7; no prior paper requirement reused."
R031,NEW_SYNTHETIC,,,,no,,no,no,"New synthetic IC-SQITS benchmark requirement drafted in Step 6 and retained in Step 7; no prior paper requirement reused."
R032,NEW_SYNTHETIC,,,,no,,no,no,"New synthetic IC-SQITS benchmark requirement drafted in Step 6 and retained in Step 7; no prior paper requirement reused."
R033,NEW_SYNTHETIC,,,,no,,no,no,"New synthetic IC-SQITS benchmark requirement drafted in Step 6 and retained in Step 7; no prior paper requirement reused."
R034,NEW_SYNTHETIC,,,,no,,no,no,"New synthetic IC-SQITS benchmark requirement drafted in Step 6 and retained in Step 7; no prior paper requirement reused."
R036,NEW_SYNTHETIC,,,,no,,no,no,"New synthetic IC-SQITS benchmark requirement drafted in Step 6 and retained in Step 7; no prior paper requirement reused."
R037,NEW_SYNTHETIC,,,,no,,no,no,"New synthetic IC-SQITS benchmark requirement drafted in Step 6 and retained in Step 7; no prior paper requirement reused."
R038,NEW_SYNTHETIC,,,,no,,no,no,"New synthetic IC-SQITS benchmark requirement drafted in Step 6 and retained in Step 7; no prior paper requirement reused."
R040,NEW_SYNTHETIC,,,,no,,no,no,"New synthetic IC-SQITS benchmark requirement drafted in Step 6 and retained in Step 7; no prior paper requirement reused."
R041,NEW_SYNTHETIC,,,,no,,no,no,"New synthetic IC-SQITS benchmark requirement drafted in Step 6 and retained in Step 7; no prior paper requirement reused."
R042,NEW_SYNTHETIC,,,,no,,no,no,"New synthetic IC-SQITS benchmark requirement drafted in Step 6 and retained in Step 7; no prior paper requirement reused."
R043,NEW_SYNTHETIC,,,,no,,no,no,"New synthetic IC-SQITS benchmark requirement drafted in Step 6 and retained in Step 7; no prior paper requirement reused."
R044,NEW_SYNTHETIC,,,,no,,no,no,"New synthetic IC-SQITS benchmark requirement drafted in Step 6 and retained in Step 7; no prior paper requirement reused."
R045,NEW_SYNTHETIC,,,,no,,no,no,"New synthetic IC-SQITS benchmark requirement drafted in Step 6 and retained in Step 7; no prior paper requirement reused."
R046,NEW_SYNTHETIC,,,,no,,no,no,"New synthetic IC-SQITS benchmark requirement drafted in Step 6 and retained in Step 7; no prior paper requirement reused."
R047,NEW_SYNTHETIC,,,,no,,no,no,"New synthetic IC-SQITS benchmark requirement drafted in Step 6 and retained in Step 7; no prior paper requirement reused."
R049,NEW_SYNTHETIC,,,,no,,no,no,"New synthetic IC-SQITS benchmark requirement drafted in Step 6 and retained in Step 7; no prior paper requirement reused."
R051,NEW_SYNTHETIC,,,,no,,no,no,"New synthetic IC-SQITS benchmark requirement drafted in Step 6 and retained in Step 7; no prior paper requirement reused."
R053,NEW_SYNTHETIC,,,,no,,no,no,"New synthetic IC-SQITS benchmark requirement drafted in Step 6 and retained in Step 7; no prior paper requirement reused."
R054,NEW_SYNTHETIC,,,,no,,no,no,"New synthetic IC-SQITS benchmark requirement drafted in Step 6 and retained in Step 7; no prior paper requirement reused; downstream checklist preserves wording ambiguity."
R055,NEW_SYNTHETIC,,,,no,,no,no,"New synthetic IC-SQITS benchmark requirement drafted in Step 6 and retained in Step 7; no prior paper requirement reused."
R057,NEW_SYNTHETIC,,,,no,,no,no,"New synthetic IC-SQITS benchmark requirement drafted in Step 6 and retained in Step 7; no prior paper requirement reused."
R058,NEW_SYNTHETIC,,,,no,,no,no,"New synthetic IC-SQITS benchmark requirement drafted in Step 6 and retained in Step 7; no prior paper requirement reused."
R059,NEW_SYNTHETIC,,,,no,,no,no,"New synthetic IC-SQITS benchmark requirement drafted in Step 6 and retained in Step 7; no prior paper requirement reused."
R060,NEW_SYNTHETIC,,,,no,,no,no,"New synthetic IC-SQITS benchmark requirement drafted in Step 6 and retained in Step 7; no prior paper requirement reused."
